code,date,median_salary,mean_salary,population_size,area
E09000001,12/1/1999,33020,48922,6581,city of london
E09000002,12/1/1999,21480,23620,162444,barking and dagenham
E09000003,12/1/1999,19568,23128,313469,barnet
E09000004,12/1/1999,18621,21386,217458,bexley
E09000005,12/1/1999,18532,20911,260317,brent
E09000006,12/1/1999,16720,21293,294902,bromley
E09000007,12/1/1999,23677,30249,190003,camden
E09000008,12/1/1999,19563,22205,332066,croydon
E09000009,12/1/1999,20580,25046,302252,ealing
E09000010,12/1/1999,19289,21006,272731,enfield
E09000011,12/1/1999,21236,22263,212168,greenwich
E09000012,12/1/1999,23249,39629,199087,hackney
E09000013,12/1/1999,25000,28555,160634,hammersmith and fulham
E09000014,12/1/1999,18783,21683,218559,haringey
E09000015,12/1/1999,20596,22824,207909,harrow
E09000016,12/1/1999,17165,18786,225712,havering
E09000017,12/1/1999,24002,28854,245053,hillingdon
E09000018,12/1/1999,20155,24602,214298,hounslow
E09000019,12/1/1999,25113,34180,175717,islington
E09000020,12/1/1999,20646,28074,147678,kensington and chelsea
E09000021,12/1/1999,19302,22967,146003,kingston upon thames
E09000022,12/1/1999,23151,27930,266817,lambeth
E09000023,12/1/1999,20580,23283,250310,lewisham
E09000024,12/1/1999,18962,21867,185062,merton
E09000025,12/1/1999,18862,20580,240517,newham
E09000026,12/1/1999,19580,22087,238138,redbridge
E09000027,12/1/1999,22321,25832,172782,richmond upon thames
E09000028,12/1/1999,22784,26994,247853,southwark
E09000029,12/1/1999,19582,22725,179375,sutton
E09000030,12/1/1999,26376,37524,193507,tower hamlets
E09000031,12/1/1999,18547,19888,221057,waltham forest
E09000032,12/1/1999,21321,24707,264220,wandsworth
E09000033,12/1/1999,24447,36167,189233,westminster
E12000001,12/1/1999,16282,18351,2550314,north east
E12000002,12/1/1999,16977,19609,6773115,north west
E12000003,12/1/1999,16527,18977,4956325,yorkshire and the humber
E12000004,12/1/1999,16392,18864,4152443,east midlands
E12000005,12/1/1999,17000,19686,5271959,west midlands
E12000006,12/1/1999,18000,20866,5338722,east
E12000007,12/1/1999,22487,29640,7153912,london
E12000008,12/1/1999,18737,22361,7955124,south east
E12000009,12/1/1999,16727,19203,4880958,south west
E13000001,12/1/1999,,-,2750716,inner london
E13000002,12/1/1999,,-,4403196,outer london
E92000001,12/1/1999,17939,21561,49032872,england
K02000001,12/1/1999,17803,21314,58684427,united kingdom
K03000001,12/1/1999,17866,21379,57005421,great britain
K04000001,12/1/1999,17974,21549,51933471,england and wales
N92000002,12/1/1999,15798,19093,1679006,northern ireland
S92000003,12/1/1999,16914,19667,5071950,scotland
W92000004,12/1/1999,16457,18486,2900599,wales
E09000001,12/1/2000,34903,52203,7014,city of london
E09000002,12/1/2000,22618,24696,163893,barking and dagenham
E09000003,12/1/2000,21761,25755,315784,barnet
E09000004,12/1/2000,19363,22580,218717,bexley
E09000005,12/1/2000,22348,23726,264945,brent
E09000006,12/1/2000,16401,21178,295317,bromley
E09000007,12/1/2000,25484,34864,196174,camden
E09000008,12/1/2000,21339,23440,334241,croydon
E09000009,12/1/2000,22512,26615,304370,ealing
E09000010,12/1/2000,22467,25198,275068,enfield
E09000011,12/1/2000,22121,23689,214438,greenwich
E09000012,12/1/2000,24083,#,203381,hackney
E09000013,12/1/2000,25264,28742,164393,hammersmith and fulham
E09000014,12/1/2000,19772,#,219845,haringey
E09000015,12/1/2000,22238,24973,209114,harrow
E09000016,12/1/2000,17418,19309,225141,havering
E09000017,12/1/2000,25038,29755,245911,hillingdon
E09000018,12/1/2000,23230,27632,214731,hounslow
E09000019,12/1/2000,26598,35135,177852,islington
E09000020,12/1/2000,22952,28782,154661,kensington and chelsea
E09000021,12/1/2000,20983,25225,147328,kingston upon thames
E09000022,12/1/2000,24264,28750,270028,lambeth
E09000023,12/1/2000,22357,22659,252106,lewisham
E09000024,12/1/2000,18906,22987,188196,merton
E09000025,12/1/2000,19437,21609,245463,newham
E09000026,12/1/2000,20256,22421,239868,redbridge
E09000027,12/1/2000,22574,27702,172920,richmond upon thames
E09000028,12/1/2000,24857,29101,252726,southwark
E09000029,12/1/2000,22019,26891,180485,sutton
E09000030,12/1/2000,28445,47253,197133,tower hamlets
E09000031,12/1/2000,19776,22009,221296,waltham forest
E09000032,12/1/2000,22840,26862,267695,wandsworth
E09000033,12/1/2000,25951,40903,196478,westminster
E12000001,12/1/2000,17430,19560,2543421,north east
E12000002,12/1/2000,17863,20670,6774223,north west
E12000003,12/1/2000,17503,20018,4958609,yorkshire and the humber
E12000004,12/1/2000,17352,20144,4168076,east midlands
E12000005,12/1/2000,17812,20631,5269626,west midlands
E12000006,12/1/2000,19020,22424,5374972,east
E12000007,12/1/2000,24204,33000,7236712,london
E12000008,12/1/2000,19992,23867,7990598,south east
E12000009,12/1/2000,17847,20482,4917074,south west
E13000001,12/1/2000,,-,2804949,inner london
E13000002,12/1/2000,,-,4431763,outer london
E92000001,12/1/2000,19107,23319,49233311,england
K02000001,12/1/2000,18848,22801,58886065,united kingdom
K03000001,12/1/2000,18915,22908,57203121,great britain
K04000001,12/1/2000,19000,23131,52140181,england and wales
N92000002,12/1/2000,16599,19112,1682944,northern ireland
S92000003,12/1/2000,18029,20678,5062940,scotland
W92000004,12/1/2000,17157,19507,2906870,wales
E09000001,12/1/2001,39104,62819,7359,city of london
E09000002,12/1/2001,22323,26050,165654,barking and dagenham
E09000003,12/1/2001,20916,26068,319481,barnet
E09000004,12/1/2001,20217,23559,218757,bexley
E09000005,12/1/2001,21878,24164,269620,brent
E09000006,12/1/2001,15684,19749,296218,bromley
E09000007,12/1/2001,27386,40033,202567,camden
E09000008,12/1/2001,20889,23994,335112,croydon
E09000009,12/1/2001,23862,29516,307276,ealing
E09000010,12/1/2001,24136,27605,277266,enfield
E09000011,12/1/2001,20761,23932,217460,greenwich
E09000012,12/1/2001,24095,#,207246,hackney
E09000013,12/1/2001,26319,30968,169374,hammersmith and fulham
E09000014,12/1/2001,20349,21748,221251,haringey
E09000015,12/1/2001,22960,26650,210044,harrow
E09000016,12/1/2001,17940,20002,224717,havering
E09000017,12/1/2001,26051,30465,245616,hillingdon
E09000018,12/1/2001,22853,28795,215976,hounslow
E09000019,12/1/2001,28323,44989,179387,islington
E09000020,12/1/2001,24979,32475,162199,kensington and chelsea
E09000021,12/1/2001,21427,27219,149045,kingston upon thames
E09000022,12/1/2001,24019,30242,273372,lambeth
E09000023,12/1/2001,21990,24850,254336,lewisham
E09000024,12/1/2001,21014,25615,191106,merton
E09000025,12/1/2001,21054,27763,249411,newham
E09000026,12/1/2001,21106,24321,241893,redbridge
E09000027,12/1/2001,23799,29854,174311,richmond upon thames
E09000028,12/1/2001,27114,29423,256712,southwark
E09000029,12/1/2001,22972,25235,181461,sutton
E09000030,12/1/2001,31232,55045,201090,tower hamlets
E09000031,12/1/2001,21245,23023,222015,waltham forest
E09000032,12/1/2001,22054,25861,271742,wandsworth
E09000033,12/1/2001,26829,41566,203329,westminster
E12000001,12/1/2001,17844,20103,2540090,north east
E12000002,12/1/2001,18567,21594,6772985,north west
E12000003,12/1/2001,18270,20875,4976643,yorkshire and the humber
E12000004,12/1/2001,18291,20932,4189622,east midlands
E12000005,12/1/2001,18756,22024,5280727,west midlands
E12000006,12/1/2001,19978,23615,5400463,east
E12000007,12/1/2001,25215,35140,7322403,london
E12000008,12/1/2001,20907,25259,8023449,south east
E12000009,12/1/2001,18465,21524,4943364,south west
E13000001,12/1/2001,,-,2859375,inner london
E13000002,12/1/2001,,-,4463028,outer london
E92000001,12/1/2001,19997,24505,49449746,england
K02000001,12/1/2001,19722,23925,59113497,united kingdom
K03000001,12/1/2001,19779,24035,57424178,great britain
K04000001,12/1/2001,19898,24292,52359978,england and wales
N92000002,12/1/2001,17529,20131,1688838,northern ireland
S92000003,12/1/2001,18610,21523,5064200,scotland
W92000004,12/1/2001,18018,20161,2910232,wales
E09000001,12/1/2002,39750,56450,7280,city of london
E09000002,12/1/2002,24813,26653,166357,barking and dagenham
E09000003,12/1/2002,23112,30210,320552,barnet
E09000004,12/1/2002,21101,23517,219123,bexley
E09000005,12/1/2002,21350,24071,269871,brent
E09000006,12/1/2002,16635,21513,296668,bromley
E09000007,12/1/2002,27432,34486,203972,camden
E09000008,12/1/2002,22675,25815,335415,croydon
E09000009,12/1/2002,24542,29470,309242,ealing
E09000010,12/1/2002,24654,26835,280745,enfield
E09000011,12/1/2002,21846,23853,221476,greenwich
E09000012,12/1/2002,24582,32321,210961,hackney
E09000013,12/1/2002,28012,37855,171989,hammersmith and fulham
E09000014,12/1/2002,21972,23632,224474,haringey
E09000015,12/1/2002,23176,26303,212336,harrow
E09000016,12/1/2002,16123,19520,225054,havering
E09000017,12/1/2002,26159,30463,247063,hillingdon
E09000018,12/1/2002,24399,32582,216888,hounslow
E09000019,12/1/2002,33497,54080,180118,islington
E09000020,12/1/2002,26649,35481,163827,kensington and chelsea
E09000021,12/1/2002,22575,29702,149642,kingston upon thames
E09000022,12/1/2002,24952,31630,273041,lambeth
E09000023,12/1/2002,23254,25909,253662,lewisham
E09000024,12/1/2002,22429,27052,190561,merton
E09000025,12/1/2002,21420,24900,255282,newham
E09000026,12/1/2002,22133,24512,244273,redbridge
E09000027,12/1/2002,23311,30680,175441,richmond upon thames
E09000028,12/1/2002,28062,30906,256269,southwark
E09000029,12/1/2002,23311,25965,181265,sutton
E09000030,12/1/2002,31168,49998,207031,tower hamlets
E09000031,12/1/2002,21799,23817,223776,waltham forest
E09000032,12/1/2002,23720,27665,274917,wandsworth
E09000033,12/1/2002,28879,43576,208100,westminster
E12000001,12/1/2002,18076,20798,2540600,north east
E12000002,12/1/2002,19234,22738,6784880,north west
E12000003,12/1/2002,18863,21805,5000111,yorkshire and the humber
E12000004,12/1/2002,19125,22065,4221753,east midlands
E12000005,12/1/2002,19225,22571,5301243,west midlands
E12000006,12/1/2002,20495,24434,5432688,east
E12000007,12/1/2002,26467,35739,7376671,london
E12000008,12/1/2002,21940,26691,8045192,south east
E12000009,12/1/2002,19233,22706,4976129,south west
E13000001,12/1/2002,,-,2890923,inner london
E13000002,12/1/2002,,-,4485748,outer london
E92000001,12/1/2002,20706,25542,49679267,england
K02000001,12/1/2002,20376,24911,59365677,united kingdom
K03000001,12/1/2002,20435,25016,57668143,great britain
K04000001,12/1/2002,20562,25301,52602143,england and wales
N92000002,12/1/2002,18325,21225,1697534,northern ireland
S92000003,12/1/2002,19167,22317,5066000,scotland
W92000004,12/1/2002,18189,20951,2922876,wales
E09000001,12/1/2003,41795,64272,7115,city of london
E09000002,12/1/2003,25358,27792,166210,barking and dagenham
E09000003,12/1/2003,23828,30518,321802,barnet
E09000004,12/1/2003,22247,24723,220016,bexley
E09000005,12/1/2003,23018,29790,268323,brent
E09000006,12/1/2003,19042,25474,297253,bromley
E09000007,12/1/2003,30002,38106,204254,camden
E09000008,12/1/2003,22838,26920,335919,croydon
E09000009,12/1/2003,24349,30117,308108,ealing
E09000010,12/1/2003,22463,25595,281835,enfield
E09000011,12/1/2003,23600,26002,224303,greenwich
E09000012,12/1/2003,25149,31035,212405,hackney
E09000013,12/1/2003,29831,35226,171510,hammersmith and fulham
E09000014,12/1/2003,22422,24551,225027,haringey
E09000015,12/1/2003,22796,27980,213728,harrow
E09000016,12/1/2003,18250,21167,225248,havering
E09000017,12/1/2003,26774,30875,248054,hillingdon
E09000018,12/1/2003,26019,33322,216498,hounslow
E09000019,12/1/2003,33579,49632,180899,islington
E09000020,12/1/2003,26213,35812,165268,kensington and chelsea
E09000021,12/1/2003,23813,32569,149683,kingston upon thames
E09000022,12/1/2003,26034,32702,272195,lambeth
E09000023,12/1/2003,22069,25320,251936,lewisham
E09000024,12/1/2003,22959,30607,189298,merton
E09000025,12/1/2003,22792,26461,256224,newham
E09000026,12/1/2003,23407,26086,247412,redbridge
E09000027,12/1/2003,25549,29463,177182,richmond upon thames
E09000028,12/1/2003,29307,32241,255242,southwark
E09000029,12/1/2003,24455,27147,181267,sutton
E09000030,12/1/2003,34281,55530,208651,tower hamlets
E09000031,12/1/2003,22918,25374,224115,waltham forest
E09000032,12/1/2003,24299,29446,276828,wandsworth
E09000033,12/1/2003,29254,43694,211009,westminster
E12000001,12/1/2003,18228,21359,2540461,north east
E12000002,12/1/2003,19916,23261,6814660,north west
E12000003,12/1/2003,19659,22694,5026314,yorkshire and the humber
E12000004,12/1/2003,19847,22817,4255080,east midlands
E12000005,12/1/2003,19786,23132,5325475,west midlands
E12000006,12/1/2003,21511,25609,5474133,east
E12000007,12/1/2003,27455,37416,7394817,london
E12000008,12/1/2003,22843,27576,8087924,south east
E12000009,12/1/2003,20000,23715,5006653,south west
E13000001,12/1/2003,,-,2898563,inner london
E13000002,12/1/2003,,-,4496254,outer london
E92000001,12/1/2003,21500,26462,49925517,england
K02000001,12/1/2003,21124,25818,59636662,united kingdom
K03000001,12/1/2003,21200,25939,57931738,great britain
K04000001,12/1/2003,21359,26225,52863238,england and wales
N92000002,12/1/2003,18502,21610,1704924,northern ireland
S92000003,12/1/2003,19799,23080,5068500,scotland
W92000004,12/1/2003,19130,21837,2937721,wales
E09000001,12/1/2004,43347,66628,7118,city of london
E09000002,12/1/2004,26089,29088,165610,barking and dagenham
E09000003,12/1/2004,,30795,323723,barnet
E09000004,12/1/2004,20946,24617,220917,bexley
E09000005,12/1/2004,23323,25416,268335,brent
E09000006,12/1/2004,21192,27617,297307,bromley
E09000007,12/1/2004,30510,38595,207341,camden
E09000008,12/1/2004,24371,28816,337134,croydon
E09000009,12/1/2004,26722,31153,310073,ealing
E09000010,12/1/2004,27414,31068,282217,enfield
E09000011,12/1/2004,25387,27369,227190,greenwich
E09000012,12/1/2004,26687,31862,213581,hackney
E09000013,12/1/2004,29830,37273,172083,hammersmith and fulham
E09000014,12/1/2004,23481,26260,226472,haringey
E09000015,12/1/2004,24750,29745,216267,harrow
E09000016,12/1/2004,18240,21505,225769,havering
E09000017,12/1/2004,28003,31685,248691,hillingdon
E09000018,12/1/2004,27457,34015,219440,hounslow
E09000019,12/1/2004,30410,40812,180831,islington
E09000020,12/1/2004,26846,37784,165752,kensington and chelsea
E09000021,12/1/2004,23708,30786,151055,kingston upon thames
E09000022,12/1/2004,27186,37154,274262,lambeth
E09000023,12/1/2004,25238,26340,252455,lewisham
E09000024,12/1/2004,23208,30224,188908,merton
E09000025,12/1/2004,,29224,254434,newham
E09000026,12/1/2004,,27206,248774,redbridge
E09000027,12/1/2004,26770,30582,179312,richmond upon thames
E09000028,12/1/2004,29609,34875,257257,southwark
E09000029,12/1/2004,24514,27747,181094,sutton
E09000030,12/1/2004,39128,66095,211154,tower hamlets
E09000031,12/1/2004,23857,25435,225002,waltham forest
E09000032,12/1/2004,26137,30740,278615,wandsworth
E09000033,12/1/2004,31482,46350,214557,westminster
E12000001,12/1/2004,19247,22377,2540502,north east
E12000002,12/1/2004,20717,24490,6840369,north west
E12000003,12/1/2004,20433,24051,5063199,yorkshire and the humber
E12000004,12/1/2004,20691,23665,4291476,east midlands
E12000005,12/1/2004,20765,24341,5346376,west midlands
E12000006,12/1/2004,22242,26634,5508564,east
E12000007,12/1/2004,28750,39489,7432730,london
E12000008,12/1/2004,23748,28574,8133100,south east
E12000009,12/1/2004,20694,24449,5038284,south west
E13000001,12/1/2004,31339,46107,2915912,inner london
E13000002,12/1/2004,25000,29207,4516818,outer london
E92000001,12/1/2004,22418,27736,50194600,england
K02000001,12/1/2004,22056,27027,59950364,united kingdom
K03000001,12/1/2004,22103,27138,58236322,great britain
K04000001,12/1/2004,22284,27478,53152022,england and wales
N92000002,12/1/2004,19622,23094,1714042,northern ireland
S92000003,12/1/2004,20598,23850,5084300,scotland
W92000004,12/1/2004,20085,22751,2957422,wales
E09000001,12/1/2005,45000,74004,7131,city of london
E09000002,12/1/2005,26680,28728,166275,barking and dagenham
E09000003,12/1/2005,27033,31652,327541,barnet
E09000004,12/1/2005,23936,28162,222391,bexley
E09000005,12/1/2005,24209,27371,270939,brent
E09000006,12/1/2005,24241,29955,299421,bromley
E09000007,12/1/2005,31358,39826,211088,camden
E09000008,12/1/2005,24652,28101,339052,croydon
E09000009,12/1/2005,27235,32106,312774,ealing
E09000010,12/1/2005,24594,27568,284779,enfield
E09000011,12/1/2005,26330,29105,230494,greenwich
E09000012,12/1/2005,28923,35597,216512,hackney
E09000013,12/1/2005,30787,42492,173292,hammersmith and fulham
E09000014,12/1/2005,24626,26991,229271,haringey
E09000015,12/1/2005,26162,30339,221109,harrow
E09000016,12/1/2005,24296,27736,226990,havering
E09000017,12/1/2005,29351,32725,251430,hillingdon
E09000018,12/1/2005,29584,35410,223776,hounslow
E09000019,12/1/2005,30499,37231,183477,islington
E09000020,12/1/2005,26855,33106,168375,kensington and chelsea
E09000021,12/1/2005,24937,32985,152489,kingston upon thames
E09000022,12/1/2005,28347,36464,277620,lambeth
E09000023,12/1/2005,28022,30443,254930,lewisham
E09000024,12/1/2005,25991,30422,190583,merton
E09000025,12/1/2005,26331,28450,253798,newham
E09000026,12/1/2005,26462,30087,251560,redbridge
E09000027,12/1/2005,26809,30298,181508,richmond upon thames
E09000028,12/1/2005,29534,36022,261811,southwark
E09000029,12/1/2005,25714,29187,182103,sutton
E09000030,12/1/2005,39493,71063,213382,tower hamlets
E09000031,12/1/2005,21931,25800,226747,waltham forest
E09000032,12/1/2005,26549,31455,283229,wandsworth
E09000033,12/1/2005,32519,50430,223132,westminster
E12000001,12/1/2005,20263,23557,2547127,north east
E12000002,12/1/2005,21777,25613,6870021,north west
E12000003,12/1/2005,21506,25500,5108408,yorkshire and the humber
E12000004,12/1/2005,21494,24700,4329112,east midlands
E12000005,12/1/2005,21447,25250,5380687,west midlands
E12000006,12/1/2005,22883,27860,5562653,east
E12000007,12/1/2005,29882,41707,7519009,london
E12000008,12/1/2005,24229,29276,8202896,south east
E12000009,12/1/2005,21279,25440,5086121,south west
E13000001,12/1/2005,32230,48936,2957048,inner london
E13000002,12/1/2005,26176,30404,4561961,outer london
E92000001,12/1/2005,23280,28928,50606034,england
K02000001,12/1/2005,22888,28191,60413276,united kingdom
K03000001,12/1/2005,22970,28327,58685543,great britain
K04000001,12/1/2005,23151,28660,53575343,england and wales
N92000002,12/1/2005,20060,23399,1727733,northern ireland
S92000003,12/1/2005,21312,25107,5110200,scotland
W92000004,12/1/2005,20634,23587,2969309,wales
E09000001,12/1/2006,46292,85886,7254,city of london
E09000002,12/1/2006,26549,28660,167157,barking and dagenham
E09000003,12/1/2006,26071,30923,330801,barnet
E09000004,12/1/2006,24719,28847,223280,bexley
E09000005,12/1/2006,25279,29712,276504,brent
E09000006,12/1/2006,25715,#,300963,bromley
E09000007,12/1/2006,32418,40593,211032,camden
E09000008,12/1/2006,26049,29842,340449,croydon
E09000009,12/1/2006,26354,32130,315329,ealing
E09000010,12/1/2006,25088,28912,287429,enfield
E09000011,12/1/2006,27363,29714,233990,greenwich
E09000012,12/1/2006,30105,34874,220193,hackney
E09000013,12/1/2006,30464,42838,174675,hammersmith and fulham
E09000014,12/1/2006,27020,29726,233174,haringey
E09000015,12/1/2006,25575,30342,223632,harrow
E09000016,12/1/2006,26394,28459,228198,havering
E09000017,12/1/2006,28771,32034,254387,hillingdon
E09000018,12/1/2006,26853,34303,228126,hounslow
E09000019,12/1/2006,33995,50794,185283,islington
E09000020,12/1/2006,26619,33350,165245,kensington and chelsea
E09000021,12/1/2006,25640,32566,153667,kingston upon thames
E09000022,12/1/2006,29930,38233,280524,lambeth
E09000023,12/1/2006,27021,30142,257976,lewisham
E09000024,12/1/2006,24883,29305,192520,merton
E09000025,12/1/2006,27162,30873,257994,newham
E09000026,12/1/2006,27940,31319,255590,redbridge
E09000027,12/1/2006,28610,33258,182520,richmond upon thames
E09000028,12/1/2006,31575,39075,267553,southwark
E09000029,12/1/2006,25102,28965,182882,sutton
E09000030,12/1/2006,38975,62719,218400,tower hamlets
E09000031,12/1/2006,23074,27449,230731,waltham forest
E09000032,12/1/2006,27405,32887,287538,wandsworth
E09000033,12/1/2006,33474,53229,222829,westminster
E12000001,12/1/2006,20613,24178,2552568,north east
E12000002,12/1/2006,22000,26299,6901585,north west
E12000003,12/1/2006,21674,25446,5134016,yorkshire and the humber
E12000004,12/1/2006,21946,25731,4366676,east midlands
E12000005,12/1/2006,22000,25975,5415521,west midlands
E12000006,12/1/2006,23517,28497,5606294,east
E12000007,12/1/2006,30355,43557,7597825,london
E12000008,12/1/2006,24798,30365,8270861,south east
E12000009,12/1/2006,21815,26159,5119840,south west
E13000001,12/1/2006,33333,51556,2989670,inner london
E13000002,12/1/2006,26399,31096,4608155,outer london
E92000001,12/1/2006,23729,29836,50965186,england
K02000001,12/1/2006,23367,29079,60827067,united kingdom
K03000001,12/1/2006,23444,29225,59083954,great britain
K04000001,12/1/2006,23564,29538,53950854,england and wales
N92000002,12/1/2006,20739,24212,1743113,northern ireland
S92000003,12/1/2006,22373,26121,5133100,scotland
W92000004,12/1/2006,20790,24037,2985668,wales
E09000001,12/1/2007,49955,86778,7607,city of london
E09000002,12/1/2007,30200,31994,169031,barking and dagenham
E09000003,12/1/2007,27436,33007,334837,barnet
E09000004,12/1/2007,26457,30375,224625,bexley
E09000005,12/1/2007,25763,28503,283273,brent
E09000006,12/1/2007,25666,35021,302625,bromley
E09000007,12/1/2007,33059,40595,211520,camden
E09000008,12/1/2007,25965,29341,344029,croydon
E09000009,12/1/2007,27490,34374,318671,ealing
E09000010,12/1/2007,26325,28949,291534,enfield
E09000011,12/1/2007,29319,32003,236535,greenwich
E09000012,12/1/2007,28996,35390,224480,hackney
E09000013,12/1/2007,33535,46996,176472,hammersmith and fulham
E09000014,12/1/2007,26281,29032,236793,haringey
E09000015,12/1/2007,26107,31063,226355,harrow
E09000016,12/1/2007,26079,29418,229789,havering
E09000017,12/1/2007,30290,33992,256981,hillingdon
E09000018,12/1/2007,27547,34303,233454,hounslow
E09000019,12/1/2007,34779,53641,188636,islington
E09000020,12/1/2007,28355,33248,162883,kensington and chelsea
E09000021,12/1/2007,27274,33513,154485,kingston upon thames
E09000022,12/1/2007,30633,41050,284964,lambeth
E09000023,12/1/2007,27673,29832,261188,lewisham
E09000024,12/1/2007,26346,30731,194260,merton
E09000025,12/1/2007,27434,32363,266285,newham
E09000026,12/1/2007,29429,33111,259965,redbridge
E09000027,12/1/2007,30881,37366,182421,richmond upon thames
E09000028,12/1/2007,32000,39710,272626,southwark
E09000029,12/1/2007,25182,28531,184174,sutton
E09000030,12/1/2007,41117,72749,225251,tower hamlets
E09000031,12/1/2007,25034,27129,235665,waltham forest
E09000032,12/1/2007,30513,38209,291440,wandsworth
E09000033,12/1/2007,35315,52597,220619,westminster
E12000001,12/1/2007,21076,24299,2562045,north east
E12000002,12/1/2007,22889,27308,6929277,north west
E12000003,12/1/2007,22307,26101,5164138,yorkshire and the humber
E12000004,12/1/2007,22222,26269,4404774,east midlands
E12000005,12/1/2007,22543,26563,5451924,west midlands
E12000006,12/1/2007,24061,29338,5653534,east
E12000007,12/1/2007,31484,45027,7693473,london
E12000008,12/1/2007,25583,31491,8351391,south east
E12000009,12/1/2007,22665,27480,5170537,south west
E13000001,12/1/2007,34415,53119,3030764,inner london
E13000002,12/1/2007,27478,32073,4662709,outer london
E92000001,12/1/2007,24480,30802,51381093,england
K02000001,12/1/2007,24043,30015,61319075,united kingdom
K03000001,12/1/2007,24147,30176,59557392,great britain
K04000001,12/1/2007,24255,30481,54387392,england and wales
N92000002,12/1/2007,20934,24704,1761683,northern ireland
S92000003,12/1/2007,23098,27179,5170000,scotland
W92000004,12/1/2007,21105,24518,3006299,wales
E09000001,12/1/2008,50503,82973,7429,city of london
E09000002,12/1/2008,29396,31795,172452,barking and dagenham
E09000003,12/1/2008,27978,34468,339212,barnet
E09000004,12/1/2008,28326,31305,226652,bexley
E09000005,12/1/2008,27326,29631,290901,brent
E09000006,12/1/2008,27236,33378,304968,bromley
E09000007,12/1/2008,35314,42816,210273,camden
E09000008,12/1/2008,27482,31842,349308,croydon
E09000009,12/1/2008,29439,35772,324022,ealing
E09000010,12/1/2008,25550,28930,297443,enfield
E09000011,12/1/2008,30766,33637,239748,greenwich
E09000012,12/1/2008,31589,39016,231041,hackney
E09000013,12/1/2008,,46620,177088,hammersmith and fulham
E09000014,12/1/2008,29859,31703,244459,haringey
E09000015,12/1/2008,27627,31746,229567,harrow
E09000016,12/1/2008,28800,32386,231793,havering
E09000017,12/1/2008,31291,37349,261051,hillingdon
E09000018,12/1/2008,29475,39109,237907,hounslow
E09000019,12/1/2008,36357,58261,192089,islington
E09000020,12/1/2008,30217,37538,162579,kensington and chelsea
E09000021,12/1/2008,26583,33180,156027,kingston upon thames
E09000022,12/1/2008,30566,41396,289126,lambeth
E09000023,12/1/2008,29403,31399,266508,lewisham
E09000024,12/1/2008,28363,31929,195859,merton
E09000025,12/1/2008,29467,34686,276478,newham
E09000026,12/1/2008,29283,32261,265452,redbridge
E09000027,12/1/2008,32437,37760,182927,richmond upon thames
E09000028,12/1/2008,31227,40353,276973,southwark
E09000029,12/1/2008,26082,29869,185860,sutton
E09000030,12/1/2008,41880,70217,231893,tower hamlets
E09000031,12/1/2008,26609,28814,242098,waltham forest
E09000032,12/1/2008,30808,40916,294305,wandsworth
E09000033,12/1/2008,36048,59836,218673,westminster
E12000001,12/1/2008,21931,25601,2569312,north east
E12000002,12/1/2008,23740,28111,6958547,north west
E12000003,12/1/2008,23357,27597,5198675,yorkshire and the humber
E12000004,12/1/2008,23271,28167,4441125,east midlands
E12000005,12/1/2008,23849,27930,5496240,west midlands
E12000006,12/1/2008,24949,30364,5708350,east
E12000007,12/1/2008,32813,47116,7812161,london
E12000008,12/1/2008,26778,32978,8426399,south east
E12000009,12/1/2008,23648,28416,5205044,south west
E13000001,12/1/2008,35774,55236,3078914,inner london
E13000002,12/1/2008,28608,33547,4733247,outer london
E92000001,12/1/2008,25549,32358,51815853,england
K02000001,12/1/2008,25165,31494,61823772,united kingdom
K03000001,12/1/2008,25277,31683,60044620,great britain
K04000001,12/1/2008,25373,32014,54841720,england and wales
N92000002,12/1/2008,22122,25470,1779152,northern ireland
S92000003,12/1/2008,24105,28393,5202900,scotland
W92000004,12/1/2008,21830,25690,3025867,wales
E09000001,12/1/2009,52092,80769,7472,city of london
E09000002,12/1/2009,30973,33126,177580,barking and dagenham
E09000003,12/1/2009,30496,35013,345829,barnet
E09000004,12/1/2009,28222,31988,228146,bexley
E09000005,12/1/2009,27503,31033,298118,brent
E09000006,12/1/2009,26951,33329,306924,bromley
E09000007,12/1/2009,36375,45633,212924,camden
E09000008,12/1/2009,28225,33826,352763,croydon
E09000009,12/1/2009,28234,34873,329966,ealing
E09000010,12/1/2009,27828,31584,301971,enfield
E09000011,12/1/2009,29871,33344,243672,greenwich
E09000012,12/1/2009,33107,46556,236622,hackney
E09000013,12/1/2009,36525,45516,180116,hammersmith and fulham
E09000014,12/1/2009,28515,30817,249805,haringey
E09000015,12/1/2009,27532,31352,233495,harrow
E09000016,12/1/2009,28317,30993,234127,havering
E09000017,12/1/2009,31584,37424,265665,hillingdon
E09000018,12/1/2009,31672,42241,243366,hounslow
E09000019,12/1/2009,36981,55027,196704,islington
E09000020,12/1/2009,29901,36101,161893,kensington and chelsea
E09000021,12/1/2009,27497,33834,157307,kingston upon thames
E09000022,12/1/2009,33415,44262,294050,lambeth
E09000023,12/1/2009,30891,32708,270418,lewisham
E09000024,12/1/2009,27662,30330,198136,merton
E09000025,12/1/2009,31028,34487,286447,newham
E09000026,12/1/2009,31235,32648,270435,redbridge
E09000027,12/1/2009,31733,40992,184394,richmond upon thames
E09000028,12/1/2009,34265,41548,281120,southwark
E09000029,12/1/2009,26111,29775,188167,sutton
E09000030,12/1/2009,43987,62526,240495,tower hamlets
E09000031,12/1/2009,27651,29524,248140,waltham forest
E09000032,12/1/2009,32373,41202,299347,wandsworth
E09000033,12/1/2009,36765,55752,216980,westminster
E12000001,12/1/2009,22684,26670,2575441,north east
E12000002,12/1/2009,24020,28635,6986156,north west
E12000003,12/1/2009,23891,28129,5223344,yorkshire and the humber
E12000004,12/1/2009,24357,28737,4471653,east midlands
E12000005,12/1/2009,23958,28347,5528007,west midlands
E12000006,12/1/2009,25500,30555,5751443,east
E12000007,12/1/2009,33700,46765,7942594,london
E12000008,12/1/2009,27458,33674,8490922,south east
E12000009,12/1/2009,24175,28772,5226821,south west
E13000001,12/1/2009,37252,54227,3134393,inner london
E13000002,12/1/2009,29085,34297,4808201,outer london
E92000001,12/1/2009,26133,32680,52196381,england
K02000001,12/1/2009,25806,31900,62260486,united kingdom
K03000001,12/1/2009,25905,32081,60467153,great britain
K04000001,12/1/2009,25998,32363,55235253,england and wales
N92000002,12/1/2009,23023,26493,1793333,northern ireland
S92000003,12/1/2009,24993,29383,5231900,scotland
W92000004,12/1/2009,22800,26215,3038872,wales
E09000001,12/1/2010,52271,81938,7338,city of london
E09000002,12/1/2010,28527,32996,182838,barking and dagenham
E09000003,12/1/2010,30000,34077,351438,barnet
E09000004,12/1/2010,27738,30821,230711,bexley
E09000005,12/1/2010,25997,29353,304785,brent
E09000006,12/1/2010,27712,32841,308560,bromley
E09000007,12/1/2010,36527,45461,214725,camden
E09000008,12/1/2010,28586,33117,357951,croydon
E09000009,12/1/2010,28732,33845,334073,ealing
E09000010,12/1/2010,26967,32009,307648,enfield
E09000011,12/1/2010,31821,34526,249171,greenwich
E09000012,12/1/2010,35149,44663,241739,hackney
E09000013,12/1/2010,35033,42271,180842,hammersmith and fulham
E09000014,12/1/2010,29597,32517,252742,haringey
E09000015,12/1/2010,27921,32746,237451,harrow
E09000016,12/1/2010,28235,32068,236234,havering
E09000017,12/1/2010,31586,38406,269465,hillingdon
E09000018,12/1/2010,31307,41634,249236,hounslow
E09000019,12/1/2010,34551,49859,200129,islington
E09000020,12/1/2010,30196,36450,160463,kensington and chelsea
E09000021,12/1/2010,28240,33688,158648,kingston upon thames
E09000022,12/1/2010,33821,43030,297650,lambeth
E09000023,12/1/2010,30806,32007,272525,lewisham
E09000024,12/1/2010,27441,31666,199136,merton
E09000025,12/1/2010,32578,39102,299171,newham
E09000026,12/1/2010,30086,32421,275088,redbridge
E09000027,12/1/2010,32249,39837,186304,richmond upon thames
E09000028,12/1/2010,35050,41481,283777,southwark
E09000029,12/1/2010,26288,30375,189321,sutton
E09000030,12/1/2010,44443,69029,248520,tower hamlets
E09000031,12/1/2010,27755,30773,254009,waltham forest
E09000032,12/1/2010,31818,39318,302620,wandsworth
E09000033,12/1/2010,37836,56080,217187,westminster
E12000001,12/1/2010,23124,27405,2586868,north east
E12000002,12/1/2010,24127,28919,7019921,north west
E12000003,12/1/2010,23856,28230,5254788,yorkshire and the humber
E12000004,12/1/2010,24118,28684,4507071,east midlands
E12000005,12/1/2010,23831,28477,5565866,west midlands
E12000006,12/1/2010,25379,31299,5807402,east
E12000007,12/1/2010,33990,46945,8061495,london
E12000008,12/1/2010,27503,33842,8577771,south east
E12000009,12/1/2010,24098,28850,5261270,south west
E13000001,12/1/2010,37463,54573,3179428,inner london
E13000002,12/1/2010,29182,34275,4882067,outer london
E92000001,12/1/2010,26265,33014,52642452,england
K02000001,12/1/2010,25882,32204,62759456,united kingdom
K03000001,12/1/2010,26000,32393,60954623,great britain
K04000001,12/1/2010,26076,32683,55692423,england and wales
N92000002,12/1/2010,22394,26207,1804833,northern ireland
S92000003,12/1/2010,25205,29616,5262200,scotland
W92000004,12/1/2010,23178,26504,3049971,wales
E09000001,12/1/2011,54381,90842,7412,city of london
E09000002,12/1/2011,28201,33568,187029,barking and dagenham
E09000003,12/1/2011,30237,33062,357538,barnet
E09000004,12/1/2011,28638,31812,232774,bexley
E09000005,12/1/2011,26772,29609,312245,brent
E09000006,12/1/2011,28163,32863,310554,bromley
E09000007,12/1/2011,35967,45588,220087,camden
E09000008,12/1/2011,28979,33050,364815,croydon
E09000009,12/1/2011,28646,34725,339314,ealing
E09000010,12/1/2011,26412,31797,313935,enfield
E09000011,12/1/2011,29932,32581,255483,greenwich
E09000012,12/1/2011,33512,42089,247182,hackney
E09000013,12/1/2011,36143,42531,182445,hammersmith and fulham
E09000014,12/1/2011,28032,30446,255540,haringey
E09000015,12/1/2011,27540,32342,240499,harrow
E09000016,12/1/2011,28415,31947,237927,havering
E09000017,12/1/2011,33589,39436,275499,hillingdon
E09000018,12/1/2011,32759,41142,254927,hounslow
E09000019,12/1/2011,35996,60068,206285,islington
E09000020,12/1/2011,31491,38220,158251,kensington and chelsea
E09000021,12/1/2011,28997,34459,160436,kingston upon thames
E09000022,12/1/2011,34836,43657,304481,lambeth
E09000023,12/1/2011,29567,30506,276938,lewisham
E09000024,12/1/2011,28066,32415,200543,merton
E09000025,12/1/2011,29998,36870,310460,newham
E09000026,12/1/2011,29829,31948,281395,redbridge
E09000027,12/1/2011,32197,37122,187527,richmond upon thames
E09000028,12/1/2011,36124,48938,288717,southwark
E09000029,12/1/2011,26743,29656,191123,sutton
E09000030,12/1/2011,45970,86593,256012,tower hamlets
E09000031,12/1/2011,28005,31926,259742,waltham forest
E09000032,12/1/2011,32033,38695,307710,wandsworth
E09000033,12/1/2011,37406,54049,219582,westminster
E12000001,12/1/2011,23250,27712,2596441,north east
E12000002,12/1/2011,24167,28634,7055961,north west
E12000003,12/1/2011,24119,28172,5288212,yorkshire and the humber
E12000004,12/1/2011,24002,28558,4537448,east midlands
E12000005,12/1/2011,24291,28539,5608667,west midlands
E12000006,12/1/2011,25953,30693,5862418,east
E12000007,12/1/2011,34396,49831,8204407,london
E12000008,12/1/2011,27881,33871,8652784,south east
E12000009,12/1/2011,24306,28872,5300831,south west
E13000001,12/1/2011,37851,58760,3241102,inner london
E13000002,12/1/2011,29399,34251,4963305,outer london
E92000001,12/1/2011,26488,33514,53107169,england
K02000001,12/1/2011,26095,32691,63285145,united kingdom
K03000001,12/1/2011,26206,32865,61470827,great britain
K04000001,12/1/2011,26290,33162,56170927,england and wales
N92000002,12/1/2011,23034,27105,1814318,northern ireland
S92000003,12/1/2011,25291,29985,5299900,scotland
W92000004,12/1/2011,23397,26687,3063758,wales
E09000001,12/1/2012,54000,86987,7604,city of london
E09000002,12/1/2012,33131,37059,190560,barking and dagenham
E09000003,12/1/2012,29594,33044,363956,barnet
E09000004,12/1/2012,27440,30833,234271,bexley
E09000005,12/1/2012,27577,32089,314660,brent
E09000006,12/1/2012,28082,33859,314036,bromley
E09000007,12/1/2012,36962,44832,224962,camden
E09000008,12/1/2012,28974,33831,368886,croydon
E09000009,12/1/2012,31104,35024,340671,ealing
E09000010,12/1/2012,27123,31749,317287,enfield
E09000011,12/1/2012,30097,32764,260068,greenwich
E09000012,12/1/2012,34803,41030,252119,hackney
E09000013,12/1/2012,35136,44065,179850,hammersmith and fulham
E09000014,12/1/2012,29116,31874,258912,haringey
E09000015,12/1/2012,26738,31817,242377,harrow
E09000016,12/1/2012,28326,31759,239733,havering
E09000017,12/1/2012,33822,39849,281756,hillingdon
E09000018,12/1/2012,31821,41688,259052,hounslow
E09000019,12/1/2012,36653,58131,211047,islington
E09000020,12/1/2012,30726,37192,155930,kensington and chelsea
E09000021,12/1/2012,29067,36381,163906,kingston upon thames
E09000022,12/1/2012,35280,44271,310200,lambeth
E09000023,12/1/2012,29995,30823,281556,lewisham
E09000024,12/1/2012,28613,32742,202225,merton
E09000025,12/1/2012,30540,35465,314084,newham
E09000026,12/1/2012,28100,30371,284617,redbridge
E09000027,12/1/2012,31505,36411,189145,richmond upon thames
E09000028,12/1/2012,36056,47611,293530,southwark
E09000029,12/1/2012,25247,29407,193630,sutton
E09000030,12/1/2012,44880,64782,263003,tower hamlets
E09000031,12/1/2012,27235,30738,262566,waltham forest
E09000032,12/1/2012,31262,35295,308312,wandsworth
E09000033,12/1/2012,37649,55529,223858,westminster
E12000001,12/1/2012,23781,27977,2602310,north east
E12000002,12/1/2012,24603,28989,7084337,north west
E12000003,12/1/2012,24288,28321,5316691,yorkshire and the humber
E12000004,12/1/2012,24626,29039,4567731,east midlands
E12000005,12/1/2012,24573,28939,5642569,west midlands
E12000006,12/1/2012,26145,30899,5907348,east
E12000007,12/1/2012,34883,48367,8308369,london
E12000008,12/1/2012,28175,34416,8724737,south east
E12000009,12/1/2012,24581,29058,5339637,south west
E13000001,12/1/2012,38225,55931,3284967,inner london
E13000002,12/1/2012,29382,34595,5023402,outer london
E92000001,12/1/2012,26822,33529,53493729,england
K02000001,12/1/2012,26472,32814,63705030,united kingdom
K03000001,12/1/2012,26540,32974,61881396,great britain
K04000001,12/1/2012,26633,33195,56567796,england and wales
N92000002,12/1/2012,23944,27784,1823634,northern ireland
S92000003,12/1/2012,25780,30792,5313600,scotland
W92000004,12/1/2012,23617,26950,3074067,wales
E09000001,12/1/2013,54202,83403,7648,city of london
E09000002,12/1/2013,32248,37214,194352,barking and dagenham
E09000003,12/1/2013,29353,33766,369088,barnet
E09000004,12/1/2013,28512,32463,236687,bexley
E09000005,12/1/2013,28034,34480,317264,brent
E09000006,12/1/2013,28126,34133,317899,bromley
E09000007,12/1/2013,36336,45539,229719,camden
E09000008,12/1/2013,30939,35213,372752,croydon
E09000009,12/1/2013,29733,33210,342494,ealing
E09000010,12/1/2013,25805,30011,320524,enfield
E09000011,12/1/2013,29251,33060,264008,greenwich
E09000012,12/1/2013,33097,39044,257379,hackney
E09000013,12/1/2013,34554,42349,178685,hammersmith and fulham
E09000014,12/1/2013,29609,32408,263386,haringey
E09000015,12/1/2013,25784,31504,243373,harrow
E09000016,12/1/2013,29858,32758,242080,havering
E09000017,12/1/2013,35738,40911,286808,hillingdon
E09000018,12/1/2013,31173,38522,262407,hounslow
E09000019,12/1/2013,37325,56967,215671,islington
E09000020,12/1/2013,31307,37906,155594,kensington and chelsea
E09000021,12/1/2013,29450,35167,166793,kingston upon thames
E09000022,12/1/2013,35397,43350,314242,lambeth
E09000023,12/1/2013,30478,30909,286180,lewisham
E09000024,12/1/2013,28610,31960,203223,merton
E09000025,12/1/2013,29334,32807,318227,newham
E09000026,12/1/2013,31215,33442,288272,redbridge
E09000027,12/1/2013,31997,36611,191365,richmond upon thames
E09000028,12/1/2013,36198,43807,298465,southwark
E09000029,12/1/2013,30061,33223,195914,sutton
E09000030,12/1/2013,46441,73376,272890,tower hamlets
E09000031,12/1/2013,,31143,265797,waltham forest
E09000032,12/1/2013,31491,36917,310516,wandsworth
E09000033,12/1/2013,36946,51094,226841,westminster
E12000001,12/1/2013,24113,28460,2610481,north east
E12000002,12/1/2013,25111,29569,7103261,north west
E12000003,12/1/2013,24933,28997,5337711,yorkshire and the humber
E12000004,12/1/2013,24918,29415,4598431,east midlands
E12000005,12/1/2013,25328,30162,5674712,west midlands
E12000006,12/1/2013,26514,31310,5954316,east
E12000007,12/1/2013,35173,47962,8416543,london
E12000008,12/1/2013,28315,34214,8792766,south east
E12000009,12/1/2013,25242,30016,5377596,south west
E13000001,12/1/2013,38274,55061,3335443,inner london
E13000002,12/1/2013,30148,34950,5081100,outer london
E92000001,12/1/2013,27372,33967,53865817,england
K02000001,12/1/2013,27011,33283,64105654,united kingdom
K03000001,12/1/2013,27105,33442,62275929,great britain
K04000001,12/1/2013,27169,33639,56948229,england and wales
N92000002,12/1/2013,23952,27839,1829725,northern ireland
S92000003,12/1/2013,26489,31486,5327700,scotland
W92000004,12/1/2013,24103,27518,3082412,wales
E09000001,12/1/2014,54710,82808,8072,city of london
E09000002,12/1/2014,32698,36323,198294,barking and dagenham
E09000003,12/1/2014,31162,34936,374915,barnet
E09000004,12/1/2014,28505,31878,239865,bexley
E09000005,12/1/2014,29514,33484,320762,brent
E09000006,12/1/2014,27926,33458,321278,bromley
E09000007,12/1/2014,36748,44629,234846,camden
E09000008,12/1/2014,31154,34769,376040,croydon
E09000009,12/1/2014,28825,32716,342118,ealing
E09000010,12/1/2014,25805,29804,324574,enfield
E09000011,12/1/2014,28954,31690,268678,greenwich
E09000012,12/1/2014,33116,40241,263150,hackney
E09000013,12/1/2014,33688,38677,178365,hammersmith and fulham
E09000014,12/1/2014,30325,33616,267541,haringey
E09000015,12/1/2014,26037,29957,246011,harrow
E09000016,12/1/2014,30003,33536,245974,havering
E09000017,12/1/2014,33984,42606,292690,hillingdon
E09000018,12/1/2014,33038,41473,265568,hounslow
E09000019,12/1/2014,36751,59007,221030,islington
E09000020,12/1/2014,30002,36844,156190,kensington and chelsea
E09000021,12/1/2014,30768,35833,169958,kingston upon thames
E09000022,12/1/2014,34491,44566,318216,lambeth
E09000023,12/1/2014,29983,32256,291933,lewisham
E09000024,12/1/2014,27539,31917,203515,merton
E09000025,12/1/2014,29061,33619,324322,newham
E09000026,12/1/2014,31127,33732,293055,redbridge
E09000027,12/1/2014,31533,36975,193585,richmond upon thames
E09000028,12/1/2014,34612,40893,302538,southwark
E09000029,12/1/2014,25797,30752,198134,sutton
E09000030,12/1/2014,48309,74087,284015,tower hamlets
E09000031,12/1/2014,26484,28426,268020,waltham forest
E09000032,12/1/2014,31085,35182,312145,wandsworth
E09000033,12/1/2014,37260,51099,233292,westminster
E12000001,12/1/2014,24904,28957,2618710,north east
E12000002,12/1/2014,25262,29901,7132991,north west
E12000003,12/1/2014,24999,28957,5360027,yorkshire and the humber
E12000004,12/1/2014,25000,29346,4637413,east midlands
E12000005,12/1/2014,24963,29550,5713284,west midlands
E12000006,12/1/2014,26817,32035,6018383,east
E12000007,12/1/2014,35034,48263,8538689,london
E12000008,12/1/2014,28607,34646,8873818,south east
E12000009,12/1/2014,25585,30163,5423303,south west
E13000001,12/1/2014,38229,55238,3395655,inner london
E13000002,12/1/2014,30000,35118,5143034,outer london
E92000001,12/1/2014,27485,34214,54316618,england
K02000001,12/1/2014,27215,33516,64596752,united kingdom
K03000001,12/1/2014,27297,33662,62756254,great britain
K04000001,12/1/2014,27321,33881,57408654,england and wales
N92000002,12/1/2014,24491,28263,1840498,northern ireland
S92000003,12/1/2014,27038,31484,5347600,scotland
W92000004,12/1/2014,24453,27759,3092036,wales
E09000001,12/1/2015,54034,77754,8760,city of london
E09000002,12/1/2015,33018,36705,201979,barking and dagenham
E09000003,12/1/2015,30900,34730,379691,barnet
E09000004,12/1/2015,29664,33367,242142,bexley
E09000005,12/1/2015,29987,34281,324012,brent
E09000006,12/1/2015,30444,35238,324857,bromley
E09000007,12/1/2015,36970,45489,241059,camden
E09000008,12/1/2015,30628,34199,379031,croydon
E09000009,12/1/2015,28657,31980,343059,ealing
E09000010,12/1/2015,26230,31041,328433,enfield
E09000011,12/1/2015,30497,33856,274803,greenwich
E09000012,12/1/2015,31566,38327,269009,hackney
E09000013,12/1/2015,34652,38176,179410,hammersmith and fulham
E09000014,12/1/2015,30072,33919,272864,haringey
E09000015,12/1/2015,26770,31404,247130,harrow
E09000016,12/1/2015,30591,33850,249085,havering
E09000017,12/1/2015,32681,40529,297735,hillingdon
E09000018,12/1/2015,33717,43037,268770,hounslow
E09000019,12/1/2015,36679,49576,227692,islington
E09000020,12/1/2015,31524,38848,157711,kensington and chelsea
E09000021,12/1/2015,28635,31728,173525,kingston upon thames
E09000022,12/1/2015,34852,45180,324431,lambeth
E09000023,12/1/2015,30932,32602,297325,lewisham
E09000024,12/1/2015,30040,32907,204565,merton
E09000025,12/1/2015,28886,33127,332817,newham
E09000026,12/1/2015,29098,33182,296793,redbridge
E09000027,12/1/2015,32660,38060,194730,richmond upon thames
E09000028,12/1/2015,36238,42316,308901,southwark
E09000029,12/1/2015,27355,32427,200145,sutton
E09000030,12/1/2015,46681,67320,295236,tower hamlets
E09000031,12/1/2015,29352,30911,271170,waltham forest
E09000032,12/1/2015,31968,37251,314544,wandsworth
E09000033,12/1/2015,39392,53316,242299,westminster
E12000001,12/1/2015,25347,29989,2624621,north east
E12000002,12/1/2015,25667,30351,7173835,north west
E12000003,12/1/2015,25194,29371,5390576,yorkshire and the humber
E12000004,12/1/2015,25003,29407,4677038,east midlands
E12000005,12/1/2015,25682,30179,5751000,west midlands
E12000006,12/1/2015,27300,32484,6076451,east
E12000007,12/1/2015,35303,46946,8673713,london
E12000008,12/1/2015,29031,35151,8947913,south east
E12000009,12/1/2015,25950,30591,5471180,south west
E13000001,12/1/2015,38803,53152,3472058,inner london
E13000002,12/1/2015,30382,35206,5201655,outer london
E92000001,12/1/2015,27841,34231,54786327,england
K02000001,12/1/2015,27615,33644,65110034,united kingdom
K03000001,12/1/2015,27682,33777,63258413,great britain
K04000001,12/1/2015,27680,33933,57885413,england and wales
N92000002,12/1/2015,25719,29376,1851621,northern ireland
S92000003,12/1/2015,27687,32217,5373000,scotland
W92000004,12/1/2015,24869,28359,3099086,wales
E09000001,12/1/2016,55487,79489,9401,city of london
E09000002,12/1/2016,30994,37959,206460,barking and dagenham
E09000003,12/1/2016,32623,35315,386083,barnet
E09000004,12/1/2016,,32666,244760,bexley
E09000005,12/1/2016,30699,36579,328254,brent
E09000006,12/1/2016,30861,35338,326889,bromley
E09000007,12/1/2016,37817,45644,246181,camden
E09000008,12/1/2016,31479,#,382304,croydon
E09000009,12/1/2016,29241,34468,343196,ealing
E09000010,12/1/2016,28918,33076,331395,enfield
E09000011,12/1/2016,30180,33568,279766,greenwich
E09000012,12/1/2016,32404,39387,273526,hackney
E09000013,12/1/2016,35000,40291,179654,hammersmith and fulham
E09000014,12/1/2016,29753,32799,278451,haringey
E09000015,12/1/2016,30134,34743,248752,harrow
E09000016,12/1/2016,28906,33025,252783,havering
E09000017,12/1/2016,33093,39729,302471,hillingdon
E09000018,12/1/2016,36235,47577,271139,hounslow
E09000019,12/1/2016,39894,52885,232865,islington
E09000020,12/1/2016,30008,35249,156726,kensington and chelsea
E09000021,12/1/2016,30729,34343,176107,kingston upon thames
E09000022,12/1/2016,34670,41335,327910,lambeth
E09000023,12/1/2016,32217,34588,301867,lewisham
E09000024,12/1/2016,28224,34199,205029,merton
E09000025,12/1/2016,30743,36946,340978,newham
E09000026,12/1/2016,28237,32190,299249,redbridge
E09000027,12/1/2016,33329,38572,195846,richmond upon thames
E09000028,12/1/2016,37159,42583,313223,southwark
E09000029,12/1/2016,28318,34818,202220,sutton
E09000030,12/1/2016,45975,64345,304854,tower hamlets
E09000031,12/1/2016,27455,30172,275843,waltham forest
E09000032,12/1/2016,33405,37651,316096,wandsworth
E09000033,12/1/2016,40000,53888,247614,westminster
E12000001,12/1/2016,25561,29574,2636848,north east
E12000002,12/1/2016,26220,31145,7219623,north west
E12000003,12/1/2016,25946,29811,5425741,yorkshire and the humber
E12000004,12/1/2016,25474,30085,4724437,east midlands
E12000005,12/1/2016,26352,31295,5800734,west midlands
E12000006,12/1/2016,27892,33026,6130542,east
E12000007,12/1/2016,36170,47924,8787892,london
E12000008,12/1/2016,29700,35879,9026297,south east
E12000009,12/1/2016,26372,31177,5515953,south west
E13000001,12/1/2016,39653,53688,3529346,inner london
E13000002,12/1/2016,31018,36862,5258546,outer london
E92000001,12/1/2016,28496,35053,55268067,england
K02000001,12/1/2016,28195,34447,65648054,united kingdom
K03000001,12/1/2016,28279,34588,63785917,great britain
K04000001,12/1/2016,28325,34758,58381217,england and wales
N92000002,12/1/2016,25978,30189,1862137,northern ireland
S92000003,12/1/2016,27925,32872,5404700,scotland
W92000004,12/1/2016,25440,29150,3113150,wales
E09000001,12/1/2017,56295,80655,7654,city of london
E09000002,12/1/2017,28553,32093,210711,barking and dagenham
E09000003,12/1/2017,32143,36818,387803,barnet
E09000004,12/1/2017,30733,33857,246124,bexley
E09000005,12/1/2017,30134,35840,329102,brent
E09000006,12/1/2017,29819,34354,329391,bromley
E09000007,12/1/2017,38147,44970,253361,camden
E09000008,12/1/2017,32109,35839,384837,croydon
E09000009,12/1/2017,30259,36039,342736,ealing
E09000010,12/1/2017,29134,34096,332705,enfield
E09000011,12/1/2017,32635,35702,282849,greenwich
E09000012,12/1/2017,33618,42457,275929,hackney
E09000013,12/1/2017,36972,45218,182998,hammersmith and fulham
E09000014,12/1/2017,31442,35729,271224,haringey
E09000015,12/1/2017,31255,39293,248880,harrow
E09000016,12/1/2017,29134,33432,256039,havering
E09000017,12/1/2017,33596,41156,302343,hillingdon
E09000018,12/1/2017,34119,42932,269100,hounslow
E09000019,12/1/2017,39348,52752,235000,islington
E09000020,12/1/2017,31678,38625,155741,kensington and chelsea
E09000021,12/1/2017,31308,36139,174609,kingston upon thames
E09000022,12/1/2017,35036,40458,324048,lambeth
E09000023,12/1/2017,33294,35454,301307,lewisham
E09000024,12/1/2017,29627,35907,206052,merton
E09000025,12/1/2017,30770,38661,347996,newham
E09000026,12/1/2017,29189,32792,301785,redbridge
E09000027,12/1/2017,32141,39407,195680,richmond upon thames
E09000028,12/1/2017,37601,44008,314232,southwark
E09000029,12/1/2017,27945,35113,203243,sutton
E09000030,12/1/2017,49369,75103,307964,tower hamlets
E09000031,12/1/2017,28284,31049,275505,waltham forest
E09000032,12/1/2017,33137,40076,323257,wandsworth
E09000033,12/1/2017,42152,59878,244796,westminster
E12000001,12/1/2017,25904,30415,2644727,north east
E12000002,12/1/2017,26754,31733,7258627,north west
E12000003,12/1/2017,26309,30484,,yorkshire and the humber
E12000004,12/1/2017,25882,30566,4771666,east midlands
E12000005,12/1/2017,26837,31930,5860706,west midlands
E12000006,12/1/2017,28456,33887,6168432,east
E12000007,12/1/2017,37171,50285,8825001,london
E12000008,12/1/2017,30236,36442,9080825,south east
E12000009,12/1/2017,27119,31645,5559316,south west
E13000001,12/1/2017,40675,56859,3545507,inner london
E13000002,12/1/2017,31298,36752,5279494,outer london
E92000001,12/1/2017,29083,36076,55619430,england
K02000001,12/1/2017,28759,35398,66040229,united kingdom
K03000001,12/1/2017,28869,35564,64169395,great britain
K04000001,12/1/2017,28939,35779,58744595,england and wales
N92000002,12/1/2017,25935,30254,1870834,northern ireland
S92000003,12/1/2017,28335,33383,5424800,scotland
W92000004,12/1/2017,26026,29976,3125165,wales
E09000001,12/1/2018,61203,90028,8706,city of london
E09000002,12/1/2018,29995,32671,211998,barking and dagenham
E09000003,12/1/2018,29927,36776,392140,barnet
E09000004,12/1/2018,,34496,247258,bexley
E09000005,12/1/2018,30366,35830,330795,brent
E09000006,12/1/2018,30762,35201,331096,bromley
E09000007,12/1/2018,39198,46502,262226,camden
E09000008,12/1/2018,33804,36880,385346,croydon
E09000009,12/1/2018,29928,36304,341982,ealing
E09000010,12/1/2018,29238,37030,333869,enfield
E09000011,12/1/2018,33163,36288,286186,greenwich
E09000012,12/1/2018,35286,40439,279665,hackney
E09000013,12/1/2018,40972,44781,185426,hammersmith and fulham
E09000014,12/1/2018,29801,34178,270624,haringey
E09000015,12/1/2018,30553,35325,250149,harrow
E09000016,12/1/2018,30181,34484,257810,havering
E09000017,12/1/2018,31886,39670,304824,hillingdon
E09000018,12/1/2018,35935,46102,270782,hounslow
E09000019,12/1/2018,40000,53489,239142,islington
E09000020,12/1/2018,32976,42099,156197,kensington and chelsea
E09000021,12/1/2018,,36282,175470,kingston upon thames
E09000022,12/1/2018,36200,44814,325917,lambeth
E09000023,12/1/2018,29966,33493,303536,lewisham
E09000024,12/1/2018,31182,#,206186,merton
E09000025,12/1/2018,30392,37849,352005,newham
E09000026,12/1/2018,,31990,303858,redbridge
E09000027,12/1/2018,34027,40427,196904,richmond upon thames
E09000028,12/1/2018,39998,48333,317256,southwark
E09000029,12/1/2018,28853,32442,204525,sutton
E09000030,12/1/2018,49237,69806,317705,tower hamlets
E09000031,12/1/2018,30298,32875,276700,waltham forest
E09000032,12/1/2018,34501,45317,326474,wandsworth
E09000033,12/1/2018,43015,63792,255324,westminster
E12000001,12/1/2018,26355,31093,2657909,north east
E12000002,12/1/2018,27376,32710,7292093,north west
E12000003,12/1/2018,26892,31719,,yorkshire and the humber
E12000004,12/1/2018,26711,31553,4804149,east midlands
E12000005,12/1/2018,27682,33067,5900757,west midlands
E12000006,12/1/2018,29153,34939,6201214,east
E12000007,12/1/2018,38146,52629,8908081,london
E12000008,12/1/2018,30849,37020,9133625,south east
E12000009,12/1/2018,27956,32848,5599735,south west
E13000001,12/1/2018,42153,59567,3600203,inner london
E13000002,12/1/2018,31031,37173,5307878,outer london
E92000001,12/1/2018,29856,37313,55977178,england
K02000001,12/1/2018,29559,36593,66435550,united kingdom
K03000001,12/1/2018,29633,36757,64553909,great britain
K04000001,12/1/2018,29667,36973,59115809,england and wales
N92000002,12/1/2018,27101,31158,1881641,northern ireland
S92000003,12/1/2018,29289,34604,5438100,scotland
W92000004,12/1/2018,26353,30347,3138631,wales
E09000001,12/1/2019,61636,88342,,city of london
E09000002,12/1/2019,28738,32010,,barking and dagenham
E09000003,12/1/2019,31624,37328,,barnet
E09000004,12/1/2019,31642,33978,,bexley
E09000005,12/1/2019,31739,36816,,brent
E09000006,12/1/2019,,37564,,bromley
E09000007,12/1/2019,40196,49115,,camden
E09000008,12/1/2019,35237,38363,,croydon
E09000009,12/1/2019,31021,36420,,ealing
E09000010,12/1/2019,28258,36320,,enfield
E09000011,12/1/2019,33081,36425,,greenwich
E09000012,12/1/2019,35020,42067,,hackney
E09000013,12/1/2019,37990,48362,,hammersmith and fulham
E09000014,12/1/2019,30452,35251,,haringey
E09000015,12/1/2019,32809,37172,,harrow
E09000016,12/1/2019,32321,37161,,havering
E09000017,12/1/2019,35231,41686,,hillingdon
E09000018,12/1/2019,36487,50418,,hounslow
E09000019,12/1/2019,41076,53466,,islington
E09000020,12/1/2019,33000,41741,,kensington and chelsea
E09000021,12/1/2019,32138,37666,,kingston upon thames
E09000022,12/1/2019,36825,48004,,lambeth
E09000023,12/1/2019,32334,36036,,lewisham
E09000024,12/1/2019,31699,#,,merton
E09000025,12/1/2019,33944,41592,,newham
E09000026,12/1/2019,29108,34096,,redbridge
E09000027,12/1/2019,35191,42092,,richmond upon thames
E09000028,12/1/2019,40303,47811,,southwark
E09000029,12/1/2019,32947,37392,,sutton
E09000030,12/1/2019,46142,69434,,tower hamlets
E09000031,12/1/2019,30718,33119,,waltham forest
E09000032,12/1/2019,34168,39617,,wandsworth
E09000033,12/1/2019,43556,60010,,westminster
E12000001,12/1/2019,27187,31852,,north east
E12000002,12/1/2019,28137,33479,,north west
E12000003,12/1/2019,27835,32653,,yorkshire and the humber
E12000004,12/1/2019,28000,32639,,east midlands
E12000005,12/1/2019,28536,34247,,west midlands
E12000006,12/1/2019,30345,36143,,east
E12000007,12/1/2019,38992,53100,,london
E12000008,12/1/2019,32120,38715,,south east
E12000009,12/1/2019,28654,33543,,south west
E13000001,12/1/2019,nan,59987,,inner london
E13000002,12/1/2019,nan,38614,,outer london
E92000001,12/1/2019,30667,38206,,england
K02000001,12/1/2019,30353,37428,,united kingdom
K03000001,12/1/2019,30446,37603,,great britain
K04000001,12/1/2019,30500,37865,,england and wales
N92000002,12/1/2019,27434,32083,,northern ireland
S92000003,12/1/2019,30000,34916,,scotland
W92000004,12/1/2019,27500,31251,,wales
